{
  "mae": 0.412269651889801,
  "rmse": 0.6031696846571918,
  "r2": 0.5234775543212891,
  "best_model": "WeightedEnsemble_L4",
  "rows": 6497
}