{
  "dataset": {
    "samples": 6497,
    "features": 12
  },
  "regression": {
    "ridge": {
      "mae": 0.5676472917566245,
      "rmse": 0.7360474763889312,
      "r2": 0.2903959621999269
    },
    "rf": {
      "mae": 0.4235640796761805,
      "rmse": 0.602529417869315,
      "r2": 0.5244885997306689
    },
    "hgb": {
      "mae": 0.4348830673205643,
      "rmse": 0.6331208181674529,
      "r2": 0.4749778690814189
    }
  },
  "best_model": "rf",
  "classification_quality>=7": {
    "accuracy": 0.6961538461538461,
    "f1": 0.474034620505992,
    "roc_auc": 0.7728051664272031
  }
}